{
  "id": "2016079",
  "name": "01-173-183 PC端管理后台整页制作",
  "font_family": "iconfont",
  "css_prefix_text": "icon",
  "description": "正达建筑内部管理平台
练习",
  "glyphs": [
    {
      "icon_id": "824975",
      "name": "编辑",
      "font_class": "bianji",
      "unicode": "e604",
      "unicode_decimal": 58884
    },
    {
      "icon_id": "1453466",
      "name": "word",
      "font_class": "word",
      "unicode": "e610",
      "unicode_decimal": 58896
    },
    {
      "icon_id": "1718359",
      "name": "我的",
      "font_class": "wode",
      "unicode": "e600",
      "unicode_decimal": 58880
    },
    {
      "icon_id": "4520332",
      "name": "上传",
      "font_class": "shangchuan",
      "unicode": "e60c",
      "unicode_decimal": 58892
    },
    {
      "icon_id": "5640058",
      "name": "搜索",
      "font_class": "sousuo",
      "unicode": "e627",
      "unicode_decimal": 58919
    },
    {
      "icon_id": "5712918",
      "name": "设置",
      "font_class": "shezhi",
      "unicode": "e61b",
      "unicode_decimal": 58907
    },
    {
      "icon_id": "6255765",
      "name": "用户信息",
      "font_class": "yonghuxinxi",
      "unicode": "e605",
      "unicode_decimal": 58885
    },
    {
      "icon_id": "7404517",
      "name": "删除",
      "font_class": "shanchu",
      "unicode": "e785",
      "unicode_decimal": 59269
    },
    {
      "icon_id": "7588113",
      "name": "首页",
      "font_class": "shouye",
      "unicode": "e622",
      "unicode_decimal": 58914
    },
    {
      "icon_id": "8688314",
      "name": "楼控管理",
      "font_class": "loukongguanli",
      "unicode": "e6e4",
      "unicode_decimal": 59108
    },
    {
      "icon_id": "10392626",
      "name": "钥匙",
      "font_class": "yuechi",
      "unicode": "e607",
      "unicode_decimal": 58887
    },
    {
      "icon_id": "11753832",
      "name": "退出",
      "font_class": "V",
      "unicode": "e6df",
      "unicode_decimal": 59103
    },
    {
      "icon_id": "14055590",
      "name": "下载",
      "font_class": "xiazai",
      "unicode": "e61d",
      "unicode_decimal": 58909
    },
    {
      "icon_id": "14110600",
      "name": "上传",
      "font_class": "shangchuan1",
      "unicode": "e626",
      "unicode_decimal": 58918
    }
  ]
}
