{
  "id": "2040962",
  "name": "01-199-202 移动端流式布局整页制作",
  "font_family": "iconfont",
  "css_prefix_text": "icon",
  "description": "",
  "glyphs": [
    {
      "icon_id": "9809642",
      "name": "首页",
      "font_class": "shouye",
      "unicode": "e659",
      "unicode_decimal": 58969
    },
    {
      "icon_id": "5640058",
      "name": "搜索",
      "font_class": "sousuo",
      "unicode": "e627",
      "unicode_decimal": 58919
    },
    {
      "icon_id": "1975076",
      "name": "我的",
      "font_class": "wode",
      "unicode": "e606",
      "unicode_decimal": 58886
    }
  ]
}
