{"IcoMoonType":"selection","icons":[{"icon":{"paths":["M1024 512c0 282.77-229.23 512-512 512s-512-229.23-512-512c0-282.77 229.23-512 512-512s512 229.23 512 512z"],"attrs":[{"fill":"rgb(255, 0, 0)"}],"isMulticolor":false,"isMulticolor2":false,"grid":0,"tags":["yuan"]},"attrs":[{"fill":"rgb(255, 0, 0)"}],"properties":{"order":2,"id":0,"name":"yuan","prevSize":32,"code":59648},"setIdx":0,"setId":2,"iconIdx":0}],"height":1024,"metadata":{"name":"icomoon"},"preferences":{"showGlyphs":true,"showQuickUse":true,"showQuickUse2":true,"showSVGs":true,"fontPref":{"prefix":"icon-","metadata":{"fontFamily":"icomoon"},"metrics":{"emSize":1024,"baseline":6.25,"whitespace":50},"embed":false},"imagePref":{"prefix":"icon-","png":true,"useClassSelector":true,"color":0,"bgColor":16777215,"classSelector":".icon"},"historySize":50,"showCodes":true,"gridSize":16}}